{
  "token_acc":null,
  "token_p":null,
  "token_r":null,
  "token_f":null,
  "ents_p":0.5388026608,
  "ents_r":0.2832167832,
  "ents_f":0.371275783,
  "ents_per_type":{
    "TEST_PLACE":{
      "p":0.7299270073,
      "r":0.6172839506,
      "f":0.6688963211
    },
    "TEST_DATE":{
      "p":0.904,
      "r":0.6975308642,
      "f":0.787456446
    },
    "TEST_INSTANCE":{
      "p":0.1587301587,
      "r":0.0563909774,
      "f":0.0832177531
    },
    "null":{
      "p":0.0,
      "r":0.0,
      "f":0.0
    }
  },
  "speed":5851.6645656978
}