{
  "token_acc":null,
  "token_p":null,
  "token_r":null,
  "token_f":null,
  "ents_p":0.6170212766,
  "ents_r":0.2703962704,
  "ents_f":0.376012966,
  "ents_per_type":{
    "TEST_PLACE":{
      "p":0.71875,
      "r":0.5679012346,
      "f":0.6344827586
    },
    "TEST_DATE":{
      "p":0.8227848101,
      "r":0.8024691358,
      "f":0.8125
    },
    "TEST_INSTANCE":{
      "p":0.1111111111,
      "r":0.0187969925,
      "f":0.0321543408
    },
    "null":{
      "p":0.0,
      "r":0.0,
      "f":0.0
    }
  },
  "speed":17543.7825457218
}