{
  "token_acc":null,
  "token_p":null,
  "token_r":null,
  "token_f":null,
  "ents_p":0.9675174014,
  "ents_r":0.972027972,
  "ents_f":0.9697674419,
  "ents_per_type":{
    "TEST_PLACE":{
      "p":0.9367088608,
      "r":0.9135802469,
      "f":0.925
    },
    "TEST_DATE":{
      "p":1.0,
      "r":1.0,
      "f":1.0
    },
    "TEST_INSTANCE":{
      "p":0.9667896679,
      "r":0.984962406,
      "f":0.9757914339
    },
    "null":{
      "p":0.0,
      "r":0.0,
      "f":0.0
    }
  },
  "speed":25048.1868092662
}