{
  "token_acc":0.9998917585,
  "token_p":0.999480497,
  "token_r":0.9988318768,
  "token_f":0.9991560816,
  "ents_p":0.7371428571,
  "ents_r":0.5420168067,
  "ents_f":0.6246973366,
  "ents_per_type":{
    "FASHION_BRAND":{
      "p":0.7371428571,
      "r":0.5420168067,
      "f":0.6246973366
    }
  },
  "speed":29481.2065764817
}